month,revenue,orders,avg_order_value
2009-12,822483.95,1682,488.99
2010-01,651155.11,1105,589.28
2010-02,551504.72,1201,459.2
2010-03,830915.26,1681,494.3
2010-04,678875.25,1462,464.35
2010-05,657705.5,1500,438.47
2010-06,749537.31,1645,455.65
2010-07,648810.27,1529,424.34
2010-08,695251.91,1425,487.9
2010-09,921696.99,1839,501.19
2010-10,1161902.22,2301,504.96
2010-11,1464293.14,2747,533.05
2010-12,821452.73,1559,526.91
2011-01,689811.61,1086,635.19
2011-02,522545.56,1100,475.04
2011-03,716215.26,1454,492.58
2011-04,536968.49,1246,430.95
2011-05,769296.61,1681,457.64
2011-06,760547.01,1533,496.12
2011-07,718076.12,1475,486.83
2011-08,757841.38,1361,556.83
2011-09,1056435.19,1837,575.09
2011-10,1151263.73,2040,564.34
2011-11,1503866.78,2769,543.11
2011-12,637808.33,819,778.76
