country,revenue,orders,customers
United Kingdom,14389436.46,33542,5350
EIRE,616368.98,566,4
Netherlands,554038.09,228,22
Germany,424922.66,788,106
France,349107.36,616,95
Australia,169207.79,93,14
Spain,106684.82,147,38
Switzerland,103262.74,100,22
Sweden,91515.82,104,19
Denmark,67059.87,40,9
Belgium,65252.55,149,28
Norway,56322.5,45,13
Portugal,55554.78,93,24
Channel Islands,44623.33,55,13
Japan,43023.91,33,10
Italy,32108.17,65,17
Finland,29925.54,57,14
Cyprus,26277.03,43,10
Singapore,25317.06,11,1
Austria,22123.21,40,11
Greece,19096.19,18,5
Poland,10654.29,28,6
Israel,10415.24,7,4
United Arab Emirates,9202.69,11,4
Unspecified,8607.35,16,6
USA,8366.86,20,9
Malta,8099.09,9,2
Iceland,4921.53,8,1
Lithuania,4892.68,6,1
Canada,4883.04,8,5
Thailand,3070.54,2,1
RSA,1933.74,2,2
Lebanon,1693.88,1,1
Brazil,1411.87,2,2
Bahrain,1354.37,4,2
European Community,1300.25,4,1
Korea,1118.51,2,2
Czech Republic,826.74,2,1
West Indies,536.41,1,1
Saudi Arabia,145.92,1,1
Nigeria,140.39,2,1
